{
	"name": "EPOMAKER-EK21",
	"vendorId": "0x320F",
	"productId": "0x5055",
	"keycodes": ["qmk_lighting"],
	"menus": 
	[
		{
			"label": "Lighting",
			"content":
			[
				{
					"label": "Backlight",
					"content":
					[
						{
							"label": "Brightness",
							"type": "range",
							"options": [0, 9],
							"content": ["id_qmk_rgb_matrix_brightness", 3, 1]
						},
						{
							"label": "Effect",
							"type": "dropdown",
							"content": ["id_qmk_rgb_matrix_effect", 3, 2],
							"options":
							[
								[ "OFF_MODE", 0 ],
								[ "WAVE_MODE", 1 ],
								[ "COLOUR_CLOUD_MODE", 2 ],
								[ "VORTEX_MODE", 3 ],
								[ "MIX_COLOUR_MODE", 4 ],
								[ "BREATHE_MODE", 5 ],
								[ "LIGHT_MODE", 6 ],
								[ "SLOWLY_OFF_MODE", 7 ],
								[ "STONE_MODE", 8 ],
								[ "LASER_MODE", 9 ],
								[ "STARRY_MODE", 10 ],
								[ "FLOWERS_OPEN_MODE", 11 ],
								[ "TRAVERSE_MODE", 12 ],
								[ "WAVE_BAR_MODE", 13 ],
								[ "METEOR_MODE", 14 ],
								[ "RAIN_MODE", 15 ],
								[ "SCAN_MODE", 16 ],
								[ "TRIGGER_COLOUR_MODE", 17 ],
								[ "CENTER_SPREAD_MODE", 18 ]
							]
						},
						{
							"showIf": "{id_qmk_rgb_matrix_effect} != 0",
							"label": "Effect Speed",
							"type": "range",
							"options": [0, 4],
							"content": ["id_qmk_rgb_matrix_effect_speed", 3, 3]
						},
						{
							"showIf": "{id_qmk_rgb_matrix_effect} != 0 && {id_qmk_rgb_matrix_effect} != 24 && {id_qmk_rgb_matrix_effect} != 28 && {id_qmk_rgb_matrix_effect} != 29 && {id_qmk_rgb_matrix_effect} != 32",
							"label": "Color",
							"type": "color",
							"content": ["id_qmk_rgb_matrix_color", 3, 4]
						}
					]
				}
			]
		}
	],
	"matrix": { "rows": 4, "cols": 12 },
	"customKeycodes": [
		{"name": "Bluetooth 1", "title": "Bluetooth working connection 1", "shortName": "BT 1"},
		{"name": "Bluetooth 2", "title": "Bluetooth working connection 2", "shortName": "BT 2"},
		{"name": "Bluetooth 3", "title": "Bluetooth working connection 3", "shortName": "BT 3"},
		{"name": "2.4G MODE", "title": "Keyboard data output 2.4G", "shortName": "2.4G MODE"}
	],
	"layouts": {
		"keymap": [
			
			[
				{"c": "#777777","w": 1.0,"h": 1.0,"x": 0.1,"y": 0.0,"fa": [1,0,0,0,0,0,0,0,0,1]},
				"1,11\n\n\n\n\n\n\n\n\n e0",
				{ "w":1.0,  "h":1.0,  "x":0.1 },  "0,1",
				{ "w":1.0,  "h":1.0,  "x":0.1 },  "0,2",
				{ "w":1.0,  "h":1.0,  "x":0.1 },  "0,3"
			],
			
			[
				{ "w":1.0,  "h":1.0,  "x":0.1 },  "1,0",
				{ "w":1.0,  "h":1.0,  "x":0.1 },  "1,1",
				{ "w":1.0,  "h":1.0,  "x":0.1 },  "1,2",
				{ "w":1.0,  "h":1.0,  "x":0.1 },  "1,3"
			],
			
			[
				{ "w":1.0,  "h":1.0,  "x":0.1 },  "0,4",
				{ "w":1.0,  "h":1.0,  "x":0.1 },  "0,5",
				{ "w":1.0,  "h":1.0,  "x":0.1 },  "0,6",
				{ "w":1.0,  "h":2.0,  "x":0.1 },  "0,7"
			],
			
			[
				{ "w":1.0,  "h":1.0,  "x":0.1 },  "1,4",
				{ "w":1.0,  "h":1.0,  "x":0.1 },  "1,5",
				{ "w":1.0,  "h":1.0,  "x":0.1 },  "1,6"
			],
			
			[
				{ "w":1.0,  "h":1.0,  "x":0.1 },  "0,8",
				{ "w":1.0,  "h":1.0,  "x":0.1 },  "0,9",
				{ "w":1.0,  "h":1.0,  "x":0.1 },  "0,10",
				{ "w":1.0,  "h":2.0,  "x":0.1 },  "1,10"
			],
			
			[
				{ "w":2.1,  "h":1.0,  "x":0.1 },  "1,7",
				{ "w":1.0,  "h":1.0,  "x":0.1 },  "1,8"
			]
		]
	}
}
